<?xml version="1.0" encoding="UTF-8"?>
<metadata>
  <groupId>org.springframework.boot</groupId>
  <artifactId>spring-boot-dependencies</artifactId>
  <version>1.5.2.BUILD-SNAPSHOT</version>
  <versioning>
    <snapshot>
      <timestamp>20170302.135958</timestamp>
      <buildNumber>79</buildNumber>
    </snapshot>
    <lastUpdated>20170302144601</lastUpdated>
    <snapshotVersions>
      <snapshotVersion>
        <extension>pom.asc</extension>
        <value>1.5.2.BUILD-20170302.135958-79</value>
        <updated>20170302135958</updated>
      </snapshotVersion>
      <snapshotVersion>
        <extension>pom</extension>
        <value>1.5.2.BUILD-20170302.135958-79</value>
        <updated>20170302135958</updated>
      </snapshotVersion>
    </snapshotVersions>
  </versioning>
</metadata>
