<?xml version="1.0" encoding="UTF-8"?>
<metadata>
  <groupId>org.springframework.cloud</groupId>
  <artifactId>spring-cloud-bus-dependencies</artifactId>
  <version>1.3.0.BUILD-SNAPSHOT</version>
  <versioning>
    <snapshot>
      <timestamp>20170319.044550</timestamp>
      <buildNumber>461</buildNumber>
    </snapshot>
    <lastUpdated>20170319044550</lastUpdated>
    <snapshotVersions>
      <snapshotVersion>
        <extension>pom.asc</extension>
        <value>1.3.0.BUILD-20170319.044550-461</value>
        <updated>20170319044550</updated>
      </snapshotVersion>
      <snapshotVersion>
        <extension>pom</extension>
        <value>1.3.0.BUILD-20170319.044550-461</value>
        <updated>20170319044550</updated>
      </snapshotVersion>
    </snapshotVersions>
  </versioning>
</metadata>
