<?xml version="1.0" encoding="UTF-8"?>
<metadata>
  <groupId>org.springframework.cloud</groupId>
  <artifactId>spring-cloud-bus-dependencies</artifactId>
  <version>1.3.0.BUILD-SNAPSHOT</version>
  <versioning>
    <snapshot>
      <timestamp>20170302.104557</timestamp>
      <buildNumber>333</buildNumber>
    </snapshot>
    <lastUpdated>20170302104557</lastUpdated>
    <snapshotVersions>
      <snapshotVersion>
        <extension>pom.asc</extension>
        <value>1.3.0.BUILD-20170302.104557-333</value>
        <updated>20170302104557</updated>
      </snapshotVersion>
      <snapshotVersion>
        <extension>pom</extension>
        <value>1.3.0.BUILD-20170302.104557-333</value>
        <updated>20170302104557</updated>
      </snapshotVersion>
    </snapshotVersions>
  </versioning>
</metadata>
