<?xml version="1.0" encoding="UTF-8"?>
<metadata>
  <groupId>org.springframework.cloud</groupId>
  <artifactId>spring-cloud-bus-dependencies</artifactId>
  <version>1.3.0.BUILD-SNAPSHOT</version>
  <versioning>
    <snapshot>
      <timestamp>20170312.014551</timestamp>
      <buildNumber>408</buildNumber>
    </snapshot>
    <lastUpdated>20170312014551</lastUpdated>
    <snapshotVersions>
      <snapshotVersion>
        <extension>pom.asc</extension>
        <value>1.3.0.BUILD-20170312.014551-408</value>
        <updated>20170312014551</updated>
      </snapshotVersion>
      <snapshotVersion>
        <extension>pom</extension>
        <value>1.3.0.BUILD-20170312.014551-408</value>
        <updated>20170312014551</updated>
      </snapshotVersion>
    </snapshotVersions>
  </versioning>
</metadata>
