<?xml version="1.0" encoding="UTF-8"?>
<metadata>
  <groupId>org.springframework.cloud</groupId>
  <artifactId>spring-cloud-consul-dependencies</artifactId>
  <version>1.2.0.BUILD-SNAPSHOT</version>
  <versioning>
    <snapshot>
      <timestamp>20170319.074137</timestamp>
      <buildNumber>814</buildNumber>
    </snapshot>
    <lastUpdated>20170319074138</lastUpdated>
    <snapshotVersions>
      <snapshotVersion>
        <extension>pom.asc</extension>
        <value>1.2.0.BUILD-20170319.074137-814</value>
        <updated>20170319074137</updated>
      </snapshotVersion>
      <snapshotVersion>
        <extension>pom</extension>
        <value>1.2.0.BUILD-20170319.074137-814</value>
        <updated>20170319074137</updated>
      </snapshotVersion>
    </snapshotVersions>
  </versioning>
</metadata>
