<?xml version="1.0" encoding="UTF-8"?>
<metadata>
  <groupId>org.springframework.cloud</groupId>
  <artifactId>spring-cloud-starter</artifactId>
  <version>1.2.0.BUILD-SNAPSHOT</version>
  <versioning>
    <snapshot>
      <timestamp>20170312.025252</timestamp>
      <buildNumber>1120</buildNumber>
    </snapshot>
    <lastUpdated>20170312025255</lastUpdated>
    <snapshotVersions>
      <snapshotVersion>
        <extension>pom.asc</extension>
        <value>1.2.0.BUILD-20170312.025252-1120</value>
        <updated>20170312025252</updated>
      </snapshotVersion>
      <snapshotVersion>
        <classifier>sources</classifier>
        <extension>jar</extension>
        <value>1.2.0.BUILD-20170312.025252-1120</value>
        <updated>20170312025252</updated>
      </snapshotVersion>
      <snapshotVersion>
        <extension>jar</extension>
        <value>1.2.0.BUILD-20170312.025252-1120</value>
        <updated>20170312025252</updated>
      </snapshotVersion>
      <snapshotVersion>
        <classifier>tests</classifier>
        <extension>jar</extension>
        <value>1.2.0.BUILD-20170312.025252-1120</value>
        <updated>20170312025252</updated>
      </snapshotVersion>
      <snapshotVersion>
        <extension>jar.asc</extension>
        <value>1.2.0.BUILD-20170312.025252-1120</value>
        <updated>20170312025252</updated>
      </snapshotVersion>
      <snapshotVersion>
        <extension>pom</extension>
        <value>1.2.0.BUILD-20170312.025252-1120</value>
        <updated>20170312025252</updated>
      </snapshotVersion>
      <snapshotVersion>
        <classifier>tests</classifier>
        <extension>jar.asc</extension>
        <value>1.2.0.BUILD-20170312.025252-1120</value>
        <updated>20170312025252</updated>
      </snapshotVersion>
      <snapshotVersion>
        <classifier>sources</classifier>
        <extension>jar.asc</extension>
        <value>1.2.0.BUILD-20170312.025252-1120</value>
        <updated>20170312025252</updated>
      </snapshotVersion>
    </snapshotVersions>
  </versioning>
</metadata>
