<?xml version="1.0" encoding="UTF-8"?>
<metadata>
  <groupId>org.springframework.cloud</groupId>
  <artifactId>spring-cloud-contract-dependencies</artifactId>
  <version>1.1.0.BUILD-SNAPSHOT</version>
  <versioning>
    <snapshot>
      <timestamp>20170302.102233</timestamp>
      <buildNumber>767</buildNumber>
    </snapshot>
    <lastUpdated>20170302102233</lastUpdated>
    <snapshotVersions>
      <snapshotVersion>
        <extension>pom.asc</extension>
        <value>1.1.0.BUILD-20170302.102233-767</value>
        <updated>20170302102233</updated>
      </snapshotVersion>
      <snapshotVersion>
        <extension>pom</extension>
        <value>1.1.0.BUILD-20170302.102233-767</value>
        <updated>20170302102233</updated>
      </snapshotVersion>
    </snapshotVersions>
  </versioning>
</metadata>
