<?xml version="1.0" encoding="UTF-8"?>
<metadata>
  <groupId>org.springframework.cloud</groupId>
  <artifactId>spring-cloud-contract-dependencies</artifactId>
  <version>1.1.0.BUILD-SNAPSHOT</version>
  <versioning>
    <snapshot>
      <timestamp>20170312.002909</timestamp>
      <buildNumber>852</buildNumber>
    </snapshot>
    <lastUpdated>20170312002909</lastUpdated>
    <snapshotVersions>
      <snapshotVersion>
        <extension>pom.asc</extension>
        <value>1.1.0.BUILD-20170312.002909-852</value>
        <updated>20170312002909</updated>
      </snapshotVersion>
      <snapshotVersion>
        <extension>pom</extension>
        <value>1.1.0.BUILD-20170312.002909-852</value>
        <updated>20170312002909</updated>
      </snapshotVersion>
    </snapshotVersions>
  </versioning>
</metadata>
