<?xml version="1.0" encoding="UTF-8"?>
<metadata>
  <groupId>org.springframework.cloud</groupId>
  <artifactId>spring-cloud-dependencies</artifactId>
  <version>Dalston.BUILD-SNAPSHOT</version>
  <versioning>
    <snapshot>
      <timestamp>20170312.021036</timestamp>
      <buildNumber>1027</buildNumber>
    </snapshot>
    <lastUpdated>20170312021037</lastUpdated>
    <snapshotVersions>
      <snapshotVersion>
        <extension>pom.asc</extension>
        <value>Dalston.BUILD-20170312.021036-1027</value>
        <updated>20170312021036</updated>
      </snapshotVersion>
      <snapshotVersion>
        <extension>pom</extension>
        <value>Dalston.BUILD-20170312.021036-1027</value>
        <updated>20170312021036</updated>
      </snapshotVersion>
    </snapshotVersions>
  </versioning>
</metadata>
