<?xml version="1.0" encoding="UTF-8"?>
<metadata>
  <groupId>org.springframework.cloud</groupId>
  <artifactId>spring-cloud-dependencies</artifactId>
  <version>Dalston.BUILD-SNAPSHOT</version>
  <versioning>
    <snapshot>
      <timestamp>20170302.111035</timestamp>
      <buildNumber>950</buildNumber>
    </snapshot>
    <lastUpdated>20170302111035</lastUpdated>
    <snapshotVersions>
      <snapshotVersion>
        <extension>pom.asc</extension>
        <value>Dalston.BUILD-20170302.111035-950</value>
        <updated>20170302111035</updated>
      </snapshotVersion>
      <snapshotVersion>
        <extension>pom</extension>
        <value>Dalston.BUILD-20170302.111035-950</value>
        <updated>20170302111035</updated>
      </snapshotVersion>
    </snapshotVersions>
  </versioning>
</metadata>
