<?xml version="1.0" encoding="UTF-8"?>
<metadata>
  <groupId>org.springframework.cloud</groupId>
  <artifactId>spring-cloud-dependencies</artifactId>
  <version>Dalston.BUILD-SNAPSHOT</version>
  <versioning>
    <snapshot>
      <timestamp>20170319.051036</timestamp>
      <buildNumber>1080</buildNumber>
    </snapshot>
    <lastUpdated>20170319051036</lastUpdated>
    <snapshotVersions>
      <snapshotVersion>
        <extension>pom.asc</extension>
        <value>Dalston.BUILD-20170319.051036-1080</value>
        <updated>20170319051036</updated>
      </snapshotVersion>
      <snapshotVersion>
        <extension>pom</extension>
        <value>Dalston.BUILD-20170319.051036-1080</value>
        <updated>20170319051036</updated>
      </snapshotVersion>
    </snapshotVersions>
  </versioning>
</metadata>
