<?xml version="1.0" encoding="UTF-8"?>
<metadata>
  <groupId>org.springframework.cloud</groupId>
  <artifactId>spring-cloud-zookeeper-dependencies</artifactId>
  <version>1.1.0.BUILD-SNAPSHOT</version>
  <versioning>
    <snapshot>
      <timestamp>20170302.091711</timestamp>
      <buildNumber>699</buildNumber>
    </snapshot>
    <lastUpdated>20170302091712</lastUpdated>
    <snapshotVersions>
      <snapshotVersion>
        <extension>pom.asc</extension>
        <value>1.1.0.BUILD-20170302.091711-699</value>
        <updated>20170302091711</updated>
      </snapshotVersion>
      <snapshotVersion>
        <extension>pom</extension>
        <value>1.1.0.BUILD-20170302.091711-699</value>
        <updated>20170302091711</updated>
      </snapshotVersion>
    </snapshotVersions>
  </versioning>
</metadata>
