<?xml version="1.0" encoding="UTF-8"?>
<metadata>
  <groupId>org.springframework.cloud</groupId>
  <artifactId>spring-cloud-netflix-dependencies</artifactId>
  <version>1.3.0.BUILD-SNAPSHOT</version>
  <versioning>
    <snapshot>
      <timestamp>20170302.110057</timestamp>
      <buildNumber>1094</buildNumber>
    </snapshot>
    <lastUpdated>20170302110058</lastUpdated>
    <snapshotVersions>
      <snapshotVersion>
        <extension>pom.asc</extension>
        <value>1.3.0.BUILD-20170302.110057-1094</value>
        <updated>20170302110057</updated>
      </snapshotVersion>
      <snapshotVersion>
        <extension>pom</extension>
        <value>1.3.0.BUILD-20170302.110057-1094</value>
        <updated>20170302110057</updated>
      </snapshotVersion>
    </snapshotVersions>
  </versioning>
</metadata>
