<?xml version="1.0" encoding="UTF-8"?>
<metadata>
  <groupId>org.springframework.cloud</groupId>
  <artifactId>spring-cloud-netflix-dependencies</artifactId>
  <version>1.3.0.BUILD-SNAPSHOT</version>
  <versioning>
    <snapshot>
      <timestamp>20170319.050050</timestamp>
      <buildNumber>1237</buildNumber>
    </snapshot>
    <lastUpdated>20170319050051</lastUpdated>
    <snapshotVersions>
      <snapshotVersion>
        <extension>pom.asc</extension>
        <value>1.3.0.BUILD-20170319.050050-1237</value>
        <updated>20170319050050</updated>
      </snapshotVersion>
      <snapshotVersion>
        <extension>pom</extension>
        <value>1.3.0.BUILD-20170319.050050-1237</value>
        <updated>20170319050050</updated>
      </snapshotVersion>
    </snapshotVersions>
  </versioning>
</metadata>
