<?xml version="1.0" encoding="UTF-8"?>
<metadata>
  <groupId>org.springframework.cloud</groupId>
  <artifactId>spring-cloud-netflix-dependencies</artifactId>
  <version>1.3.0.BUILD-SNAPSHOT</version>
  <versioning>
    <snapshot>
      <timestamp>20170312.020054</timestamp>
      <buildNumber>1174</buildNumber>
    </snapshot>
    <lastUpdated>20170312020055</lastUpdated>
    <snapshotVersions>
      <snapshotVersion>
        <extension>pom.asc</extension>
        <value>1.3.0.BUILD-20170312.020054-1174</value>
        <updated>20170312020054</updated>
      </snapshotVersion>
      <snapshotVersion>
        <extension>pom</extension>
        <value>1.3.0.BUILD-20170312.020054-1174</value>
        <updated>20170312020054</updated>
      </snapshotVersion>
    </snapshotVersions>
  </versioning>
</metadata>
