<?xml version="1.0" encoding="UTF-8"?>
<metadata>
  <groupId>org.springframework.cloud</groupId>
  <artifactId>spring-cloud-netflix-eureka-client</artifactId>
  <version>1.3.0.BUILD-SNAPSHOT</version>
  <versioning>
    <snapshot>
      <timestamp>20170312.020511</timestamp>
      <buildNumber>1037</buildNumber>
    </snapshot>
    <lastUpdated>20170312020516</lastUpdated>
    <snapshotVersions>
      <snapshotVersion>
        <extension>pom.asc</extension>
        <value>1.3.0.BUILD-20170312.020511-1037</value>
        <updated>20170312020511</updated>
      </snapshotVersion>
      <snapshotVersion>
        <classifier>javadoc</classifier>
        <extension>jar</extension>
        <value>1.3.0.BUILD-20170312.020511-1037</value>
        <updated>20170312020511</updated>
      </snapshotVersion>
      <snapshotVersion>
        <classifier>sources</classifier>
        <extension>jar</extension>
        <value>1.3.0.BUILD-20170312.020511-1037</value>
        <updated>20170312020511</updated>
      </snapshotVersion>
      <snapshotVersion>
        <extension>jar</extension>
        <value>1.3.0.BUILD-20170312.020511-1037</value>
        <updated>20170312020511</updated>
      </snapshotVersion>
      <snapshotVersion>
        <extension>jar.asc</extension>
        <value>1.3.0.BUILD-20170312.020511-1037</value>
        <updated>20170312020511</updated>
      </snapshotVersion>
      <snapshotVersion>
        <classifier>javadoc</classifier>
        <extension>jar.asc</extension>
        <value>1.3.0.BUILD-20170312.020511-1037</value>
        <updated>20170312020511</updated>
      </snapshotVersion>
      <snapshotVersion>
        <extension>pom</extension>
        <value>1.3.0.BUILD-20170312.020511-1037</value>
        <updated>20170312020511</updated>
      </snapshotVersion>
      <snapshotVersion>
        <classifier>sources</classifier>
        <extension>jar.asc</extension>
        <value>1.3.0.BUILD-20170312.020511-1037</value>
        <updated>20170312020511</updated>
      </snapshotVersion>
    </snapshotVersions>
  </versioning>
</metadata>
