<?xml version="1.0" encoding="UTF-8"?>
<metadata>
  <groupId>org.springframework.cloud</groupId>
  <artifactId>spring-cloud-vault-dependencies</artifactId>
  <version>1.0.0.BUILD-SNAPSHOT</version>
  <versioning>
    <snapshot>
      <timestamp>20170302.110834</timestamp>
      <buildNumber>2022</buildNumber>
    </snapshot>
    <lastUpdated>20170302110834</lastUpdated>
    <snapshotVersions>
      <snapshotVersion>
        <extension>pom.asc</extension>
        <value>1.0.0.BUILD-20170302.110834-2022</value>
        <updated>20170302110834</updated>
      </snapshotVersion>
      <snapshotVersion>
        <extension>pom</extension>
        <value>1.0.0.BUILD-20170302.110834-2022</value>
        <updated>20170302110834</updated>
      </snapshotVersion>
    </snapshotVersions>
  </versioning>
</metadata>
