<?xml version="1.0" encoding="UTF-8"?>
<metadata>
  <groupId>org.springframework.cloud</groupId>
  <artifactId>spring-cloud-vault-dependencies</artifactId>
  <version>1.0.0.BUILD-SNAPSHOT</version>
  <versioning>
    <snapshot>
      <timestamp>20170319.050830</timestamp>
      <buildNumber>2158</buildNumber>
    </snapshot>
    <lastUpdated>20170319050831</lastUpdated>
    <snapshotVersions>
      <snapshotVersion>
        <extension>pom.asc</extension>
        <value>1.0.0.BUILD-20170319.050830-2158</value>
        <updated>20170319050830</updated>
      </snapshotVersion>
      <snapshotVersion>
        <extension>pom</extension>
        <value>1.0.0.BUILD-20170319.050830-2158</value>
        <updated>20170319050830</updated>
      </snapshotVersion>
    </snapshotVersions>
  </versioning>
</metadata>
