<?xml version="1.0" encoding="UTF-8"?>
<metadata>
  <groupId>org.springframework.cloud</groupId>
  <artifactId>spring-cloud-vault-dependencies</artifactId>
  <version>1.0.0.BUILD-SNAPSHOT</version>
  <versioning>
    <snapshot>
      <timestamp>20170312.020835</timestamp>
      <buildNumber>2101</buildNumber>
    </snapshot>
    <lastUpdated>20170312020835</lastUpdated>
    <snapshotVersions>
      <snapshotVersion>
        <extension>pom.asc</extension>
        <value>1.0.0.BUILD-20170312.020835-2101</value>
        <updated>20170312020835</updated>
      </snapshotVersion>
      <snapshotVersion>
        <extension>pom</extension>
        <value>1.0.0.BUILD-20170312.020835-2101</value>
        <updated>20170312020835</updated>
      </snapshotVersion>
    </snapshotVersions>
  </versioning>
</metadata>
