<?xml version="1.0" encoding="UTF-8"?>
<metadata>
  <groupId>org.springframework.cloud</groupId>
  <artifactId>spring-cloud-cloudfoundry-dependencies</artifactId>
  <version>1.1.0.BUILD-SNAPSHOT</version>
  <versioning>
    <snapshot>
      <timestamp>20170319.065355</timestamp>
      <buildNumber>455</buildNumber>
    </snapshot>
    <lastUpdated>20170319065355</lastUpdated>
    <snapshotVersions>
      <snapshotVersion>
        <extension>pom.asc</extension>
        <value>1.1.0.BUILD-20170319.065355-455</value>
        <updated>20170319065355</updated>
      </snapshotVersion>
      <snapshotVersion>
        <extension>pom</extension>
        <value>1.1.0.BUILD-20170319.065355-455</value>
        <updated>20170319065355</updated>
      </snapshotVersion>
    </snapshotVersions>
  </versioning>
</metadata>
