<?xml version="1.0" encoding="UTF-8"?>
<metadata>
  <groupId>org.springframework.cloud</groupId>
  <artifactId>spring-cloud-config-dependencies</artifactId>
  <version>1.3.0.BUILD-SNAPSHOT</version>
  <versioning>
    <snapshot>
      <timestamp>20170302.090108</timestamp>
      <buildNumber>649</buildNumber>
    </snapshot>
    <lastUpdated>20170302090109</lastUpdated>
    <snapshotVersions>
      <snapshotVersion>
        <extension>pom.asc</extension>
        <value>1.3.0.BUILD-20170302.090108-649</value>
        <updated>20170302090108</updated>
      </snapshotVersion>
      <snapshotVersion>
        <extension>pom</extension>
        <value>1.3.0.BUILD-20170302.090108-649</value>
        <updated>20170302090108</updated>
      </snapshotVersion>
    </snapshotVersions>
  </versioning>
</metadata>
