<?xml version="1.0" encoding="UTF-8"?>
<metadata>
  <groupId>org.springframework.cloud</groupId>
  <artifactId>spring-cloud-config-dependencies</artifactId>
  <version>1.3.0.BUILD-SNAPSHOT</version>
  <versioning>
    <snapshot>
      <timestamp>20170312.030059</timestamp>
      <buildNumber>727</buildNumber>
    </snapshot>
    <lastUpdated>20170312030059</lastUpdated>
    <snapshotVersions>
      <snapshotVersion>
        <extension>pom.asc</extension>
        <value>1.3.0.BUILD-20170312.030059-727</value>
        <updated>20170312030059</updated>
      </snapshotVersion>
      <snapshotVersion>
        <extension>pom</extension>
        <value>1.3.0.BUILD-20170312.030059-727</value>
        <updated>20170312030059</updated>
      </snapshotVersion>
    </snapshotVersions>
  </versioning>
</metadata>
