<?xml version="1.0" encoding="UTF-8"?>
<metadata>
  <groupId>org.springframework.cloud</groupId>
  <artifactId>spring-cloud-config-dependencies</artifactId>
  <version>1.3.0.BUILD-SNAPSHOT</version>
  <versioning>
    <snapshot>
      <timestamp>20170319.060100</timestamp>
      <buildNumber>781</buildNumber>
    </snapshot>
    <lastUpdated>20170319060100</lastUpdated>
    <snapshotVersions>
      <snapshotVersion>
        <extension>pom.asc</extension>
        <value>1.3.0.BUILD-20170319.060100-781</value>
        <updated>20170319060100</updated>
      </snapshotVersion>
      <snapshotVersion>
        <extension>pom</extension>
        <value>1.3.0.BUILD-20170319.060100-781</value>
        <updated>20170319060100</updated>
      </snapshotVersion>
    </snapshotVersions>
  </versioning>
</metadata>
