<?xml version="1.0" encoding="UTF-8"?>
<metadata>
  <groupId>org.springframework.cloud</groupId>
  <artifactId>spring-cloud-sleuth-dependencies</artifactId>
  <version>1.2.0.BUILD-SNAPSHOT</version>
  <versioning>
    <snapshot>
      <timestamp>20170319.072110</timestamp>
      <buildNumber>1168</buildNumber>
    </snapshot>
    <lastUpdated>20170319072110</lastUpdated>
    <snapshotVersions>
      <snapshotVersion>
        <extension>pom.asc</extension>
        <value>1.2.0.BUILD-20170319.072110-1168</value>
        <updated>20170319072110</updated>
      </snapshotVersion>
      <snapshotVersion>
        <extension>pom</extension>
        <value>1.2.0.BUILD-20170319.072110-1168</value>
        <updated>20170319072110</updated>
      </snapshotVersion>
    </snapshotVersions>
  </versioning>
</metadata>
