<?xml version="1.0" encoding="UTF-8"?>
<metadata>
  <groupId>org.springframework.cloud</groupId>
  <artifactId>spring-cloud-sleuth-dependencies</artifactId>
  <version>1.2.0.BUILD-SNAPSHOT</version>
  <versioning>
    <snapshot>
      <timestamp>20170302.102124</timestamp>
      <buildNumber>1028</buildNumber>
    </snapshot>
    <lastUpdated>20170302102124</lastUpdated>
    <snapshotVersions>
      <snapshotVersion>
        <extension>pom.asc</extension>
        <value>1.2.0.BUILD-20170302.102124-1028</value>
        <updated>20170302102124</updated>
      </snapshotVersion>
      <snapshotVersion>
        <extension>pom</extension>
        <value>1.2.0.BUILD-20170302.102124-1028</value>
        <updated>20170302102124</updated>
      </snapshotVersion>
    </snapshotVersions>
  </versioning>
</metadata>
