<?xml version="1.0" encoding="UTF-8"?>
<metadata>
  <groupId>org.springframework.cloud</groupId>
  <artifactId>spring-cloud-stream-dependencies</artifactId>
  <version>Chelsea.BUILD-SNAPSHOT</version>
  <versioning>
    <snapshot>
      <timestamp>20170318.233101</timestamp>
      <buildNumber>25</buildNumber>
    </snapshot>
    <lastUpdated>20170318233211</lastUpdated>
    <snapshotVersions>
      <snapshotVersion>
        <extension>pom.asc</extension>
        <value>Chelsea.BUILD-20170318.233101-25</value>
        <updated>20170318233101</updated>
      </snapshotVersion>
      <snapshotVersion>
        <extension>pom</extension>
        <value>Chelsea.BUILD-20170318.233101-25</value>
        <updated>20170318233101</updated>
      </snapshotVersion>
    </snapshotVersions>
  </versioning>
</metadata>
