<?xml version="1.0" encoding="UTF-8"?>
<metadata>
  <groupId>org.springframework.cloud</groupId>
  <artifactId>spring-cloud-stream-dependencies</artifactId>
  <version>Chelsea.BUILD-SNAPSHOT</version>
  <versioning>
    <snapshot>
      <timestamp>20170310.205101</timestamp>
      <buildNumber>15</buildNumber>
    </snapshot>
    <lastUpdated>20170310205210</lastUpdated>
    <snapshotVersions>
      <snapshotVersion>
        <extension>pom.asc</extension>
        <value>Chelsea.BUILD-20170310.205101-15</value>
        <updated>20170310205101</updated>
      </snapshotVersion>
      <snapshotVersion>
        <extension>pom</extension>
        <value>Chelsea.BUILD-20170310.205101-15</value>
        <updated>20170310205101</updated>
      </snapshotVersion>
    </snapshotVersions>
  </versioning>
</metadata>
