<?xml version="1.0" encoding="UTF-8"?>
<metadata>
  <groupId>org.springframework.cloud</groupId>
  <artifactId>spring-cloud-netflix-core</artifactId>
  <version>1.3.0.BUILD-SNAPSHOT</version>
  <versioning>
    <snapshot>
      <timestamp>20170312.020405</timestamp>
      <buildNumber>1039</buildNumber>
    </snapshot>
    <lastUpdated>20170312020409</lastUpdated>
    <snapshotVersions>
      <snapshotVersion>
        <extension>pom.asc</extension>
        <value>1.3.0.BUILD-20170312.020405-1039</value>
        <updated>20170312020405</updated>
      </snapshotVersion>
      <snapshotVersion>
        <classifier>javadoc</classifier>
        <extension>jar</extension>
        <value>1.3.0.BUILD-20170312.020405-1039</value>
        <updated>20170312020405</updated>
      </snapshotVersion>
      <snapshotVersion>
        <classifier>sources</classifier>
        <extension>jar</extension>
        <value>1.3.0.BUILD-20170312.020405-1039</value>
        <updated>20170312020405</updated>
      </snapshotVersion>
      <snapshotVersion>
        <extension>jar</extension>
        <value>1.3.0.BUILD-20170312.020405-1039</value>
        <updated>20170312020405</updated>
      </snapshotVersion>
      <snapshotVersion>
        <extension>jar.asc</extension>
        <value>1.3.0.BUILD-20170312.020405-1039</value>
        <updated>20170312020405</updated>
      </snapshotVersion>
      <snapshotVersion>
        <classifier>javadoc</classifier>
        <extension>jar.asc</extension>
        <value>1.3.0.BUILD-20170312.020405-1039</value>
        <updated>20170312020405</updated>
      </snapshotVersion>
      <snapshotVersion>
        <extension>pom</extension>
        <value>1.3.0.BUILD-20170312.020405-1039</value>
        <updated>20170312020405</updated>
      </snapshotVersion>
      <snapshotVersion>
        <classifier>sources</classifier>
        <extension>jar.asc</extension>
        <value>1.3.0.BUILD-20170312.020405-1039</value>
        <updated>20170312020405</updated>
      </snapshotVersion>
    </snapshotVersions>
  </versioning>
</metadata>
