<?xml version="1.0" encoding="UTF-8"?>
<metadata>
  <groupId>org.springframework.cloud</groupId>
  <artifactId>spring-cloud-context</artifactId>
  <version>1.2.0.BUILD-SNAPSHOT</version>
  <versioning>
    <snapshot>
      <timestamp>20170302.085210</timestamp>
      <buildNumber>1041</buildNumber>
    </snapshot>
    <lastUpdated>20170302085215</lastUpdated>
    <snapshotVersions>
      <snapshotVersion>
        <extension>pom.asc</extension>
        <value>1.2.0.BUILD-20170302.085210-1041</value>
        <updated>20170302085210</updated>
      </snapshotVersion>
      <snapshotVersion>
        <classifier>javadoc</classifier>
        <extension>jar</extension>
        <value>1.2.0.BUILD-20170302.085210-1041</value>
        <updated>20170302085210</updated>
      </snapshotVersion>
      <snapshotVersion>
        <classifier>sources</classifier>
        <extension>jar</extension>
        <value>1.2.0.BUILD-20170302.085210-1041</value>
        <updated>20170302085210</updated>
      </snapshotVersion>
      <snapshotVersion>
        <extension>jar</extension>
        <value>1.2.0.BUILD-20170302.085210-1041</value>
        <updated>20170302085210</updated>
      </snapshotVersion>
      <snapshotVersion>
        <classifier>tests</classifier>
        <extension>jar</extension>
        <value>1.2.0.BUILD-20170302.085210-1041</value>
        <updated>20170302085210</updated>
      </snapshotVersion>
      <snapshotVersion>
        <extension>jar.asc</extension>
        <value>1.2.0.BUILD-20170302.085210-1041</value>
        <updated>20170302085210</updated>
      </snapshotVersion>
      <snapshotVersion>
        <classifier>javadoc</classifier>
        <extension>jar.asc</extension>
        <value>1.2.0.BUILD-20170302.085210-1041</value>
        <updated>20170302085210</updated>
      </snapshotVersion>
      <snapshotVersion>
        <extension>pom</extension>
        <value>1.2.0.BUILD-20170302.085210-1041</value>
        <updated>20170302085210</updated>
      </snapshotVersion>
      <snapshotVersion>
        <classifier>tests</classifier>
        <extension>jar.asc</extension>
        <value>1.2.0.BUILD-20170302.085210-1041</value>
        <updated>20170302085210</updated>
      </snapshotVersion>
      <snapshotVersion>
        <classifier>sources</classifier>
        <extension>jar.asc</extension>
        <value>1.2.0.BUILD-20170302.085210-1041</value>
        <updated>20170302085210</updated>
      </snapshotVersion>
    </snapshotVersions>
  </versioning>
</metadata>
