<?xml version="1.0" encoding="UTF-8"?>
<metadata>
  <groupId>org.springframework.cloud</groupId>
  <artifactId>spring-cloud-commons</artifactId>
  <version>1.2.0.BUILD-SNAPSHOT</version>
  <versioning>
    <snapshot>
      <timestamp>20170319.055235</timestamp>
      <buildNumber>1175</buildNumber>
    </snapshot>
    <lastUpdated>20170319055241</lastUpdated>
    <snapshotVersions>
      <snapshotVersion>
        <extension>pom.asc</extension>
        <value>1.2.0.BUILD-20170319.055235-1175</value>
        <updated>20170319055235</updated>
      </snapshotVersion>
      <snapshotVersion>
        <classifier>javadoc</classifier>
        <extension>jar</extension>
        <value>1.2.0.BUILD-20170319.055235-1175</value>
        <updated>20170319055235</updated>
      </snapshotVersion>
      <snapshotVersion>
        <classifier>sources</classifier>
        <extension>jar</extension>
        <value>1.2.0.BUILD-20170319.055235-1175</value>
        <updated>20170319055235</updated>
      </snapshotVersion>
      <snapshotVersion>
        <extension>jar</extension>
        <value>1.2.0.BUILD-20170319.055235-1175</value>
        <updated>20170319055235</updated>
      </snapshotVersion>
      <snapshotVersion>
        <classifier>tests</classifier>
        <extension>jar</extension>
        <value>1.2.0.BUILD-20170319.055235-1175</value>
        <updated>20170319055235</updated>
      </snapshotVersion>
      <snapshotVersion>
        <extension>jar.asc</extension>
        <value>1.2.0.BUILD-20170319.055235-1175</value>
        <updated>20170319055235</updated>
      </snapshotVersion>
      <snapshotVersion>
        <classifier>javadoc</classifier>
        <extension>jar.asc</extension>
        <value>1.2.0.BUILD-20170319.055235-1175</value>
        <updated>20170319055235</updated>
      </snapshotVersion>
      <snapshotVersion>
        <extension>pom</extension>
        <value>1.2.0.BUILD-20170319.055235-1175</value>
        <updated>20170319055235</updated>
      </snapshotVersion>
      <snapshotVersion>
        <classifier>tests</classifier>
        <extension>jar.asc</extension>
        <value>1.2.0.BUILD-20170319.055235-1175</value>
        <updated>20170319055235</updated>
      </snapshotVersion>
      <snapshotVersion>
        <classifier>sources</classifier>
        <extension>jar.asc</extension>
        <value>1.2.0.BUILD-20170319.055235-1175</value>
        <updated>20170319055235</updated>
      </snapshotVersion>
    </snapshotVersions>
  </versioning>
</metadata>
