<?xml version="1.0" encoding="UTF-8"?>
<metadata>
  <groupId>org.springframework.cloud</groupId>
  <artifactId>spring-cloud-dependencies-parent</artifactId>
  <version>1.3.0.BUILD-SNAPSHOT</version>
  <versioning>
    <snapshot>
      <timestamp>20170109.151814</timestamp>
      <buildNumber>298</buildNumber>
    </snapshot>
    <lastUpdated>20170109151814</lastUpdated>
    <snapshotVersions>
      <snapshotVersion>
        <extension>pom.asc</extension>
        <value>1.3.0.BUILD-20170109.151814-298</value>
        <updated>20170109151814</updated>
      </snapshotVersion>
      <snapshotVersion>
        <extension>pom</extension>
        <value>1.3.0.BUILD-20170109.151814-298</value>
        <updated>20170109151814</updated>
      </snapshotVersion>
    </snapshotVersions>
  </versioning>
</metadata>
