<?xml version="1.0" encoding="UTF-8"?>
<metadata>
  <groupId>org.springframework.cloud</groupId>
  <artifactId>spring-cloud-security-dependencies</artifactId>
  <version>1.2.0.BUILD-SNAPSHOT</version>
  <versioning>
    <snapshot>
      <timestamp>20170319.064152</timestamp>
      <buildNumber>464</buildNumber>
    </snapshot>
    <lastUpdated>20170319064153</lastUpdated>
    <snapshotVersions>
      <snapshotVersion>
        <extension>pom.asc</extension>
        <value>1.2.0.BUILD-20170319.064152-464</value>
        <updated>20170319064152</updated>
      </snapshotVersion>
      <snapshotVersion>
        <extension>pom</extension>
        <value>1.2.0.BUILD-20170319.064152-464</value>
        <updated>20170319064152</updated>
      </snapshotVersion>
    </snapshotVersions>
  </versioning>
</metadata>
