<?xml version="1.0" encoding="UTF-8"?>
<metadata>
  <groupId>org.springframework.cloud</groupId>
  <artifactId>spring-cloud-security-dependencies</artifactId>
  <version>1.2.0.BUILD-SNAPSHOT</version>
  <versioning>
    <snapshot>
      <timestamp>20170302.094157</timestamp>
      <buildNumber>330</buildNumber>
    </snapshot>
    <lastUpdated>20170302094157</lastUpdated>
    <snapshotVersions>
      <snapshotVersion>
        <extension>pom.asc</extension>
        <value>1.2.0.BUILD-20170302.094157-330</value>
        <updated>20170302094157</updated>
      </snapshotVersion>
      <snapshotVersion>
        <extension>pom</extension>
        <value>1.2.0.BUILD-20170302.094157-330</value>
        <updated>20170302094157</updated>
      </snapshotVersion>
    </snapshotVersions>
  </versioning>
</metadata>
