<?xml version="1.0" encoding="UTF-8"?>
<metadata>
  <groupId>org.springframework.cloud</groupId>
  <artifactId>spring-cloud-security-dependencies</artifactId>
  <version>1.2.0.BUILD-SNAPSHOT</version>
  <versioning>
    <snapshot>
      <timestamp>20170312.004153</timestamp>
      <buildNumber>405</buildNumber>
    </snapshot>
    <lastUpdated>20170312004154</lastUpdated>
    <snapshotVersions>
      <snapshotVersion>
        <extension>pom.asc</extension>
        <value>1.2.0.BUILD-20170312.004153-405</value>
        <updated>20170312004153</updated>
      </snapshotVersion>
      <snapshotVersion>
        <extension>pom</extension>
        <value>1.2.0.BUILD-20170312.004153-405</value>
        <updated>20170312004153</updated>
      </snapshotVersion>
    </snapshotVersions>
  </versioning>
</metadata>
