<?xml version="1.0" encoding="UTF-8"?>
<metadata>
  <groupId>org.springframework.cloud</groupId>
  <artifactId>spring-cloud-build</artifactId>
  <version>1.3.1.BUILD-SNAPSHOT</version>
  <versioning>
    <snapshot>
      <timestamp>20170306.121816</timestamp>
      <buildNumber>462</buildNumber>
    </snapshot>
    <lastUpdated>20170306121816</lastUpdated>
    <snapshotVersions>
      <snapshotVersion>
        <extension>pom.asc</extension>
        <value>1.3.1.BUILD-20170306.121816-462</value>
        <updated>20170306121816</updated>
      </snapshotVersion>
      <snapshotVersion>
        <extension>pom</extension>
        <value>1.3.1.BUILD-20170306.121816-462</value>
        <updated>20170306121816</updated>
      </snapshotVersion>
    </snapshotVersions>
  </versioning>
</metadata>
