<?xml version="1.0" encoding="UTF-8"?>
<metadata>
  <groupId>org.springframework.cloud</groupId>
  <artifactId>spring-cloud-build</artifactId>
  <version>1.3.1.BUILD-SNAPSHOT</version>
  <versioning>
    <snapshot>
      <timestamp>20170302.153958</timestamp>
      <buildNumber>425</buildNumber>
    </snapshot>
    <lastUpdated>20170302154002</lastUpdated>
    <snapshotVersions>
      <snapshotVersion>
        <extension>pom.asc</extension>
        <value>1.3.1.BUILD-20170302.153958-425</value>
        <updated>20170302153958</updated>
      </snapshotVersion>
      <snapshotVersion>
        <extension>pom</extension>
        <value>1.3.1.BUILD-20170302.153958-425</value>
        <updated>20170302153958</updated>
      </snapshotVersion>
    </snapshotVersions>
  </versioning>
</metadata>
