<?xml version="1.0" encoding="UTF-8"?>
<metadata>
  <groupId>org.springframework.cloud</groupId>
  <artifactId>spring-cloud-aws-dependencies</artifactId>
  <version>1.2.0.BUILD-SNAPSHOT</version>
  <versioning>
    <snapshot>
      <timestamp>20170319.070316</timestamp>
      <buildNumber>1649</buildNumber>
    </snapshot>
    <lastUpdated>20170319070317</lastUpdated>
    <snapshotVersions>
      <snapshotVersion>
        <extension>pom.asc</extension>
        <value>1.2.0.BUILD-20170319.070316-1649</value>
        <updated>20170319070316</updated>
      </snapshotVersion>
      <snapshotVersion>
        <extension>pom</extension>
        <value>1.2.0.BUILD-20170319.070316-1649</value>
        <updated>20170319070316</updated>
      </snapshotVersion>
    </snapshotVersions>
  </versioning>
</metadata>
