<?xml version="1.0" encoding="UTF-8"?>
<metadata>
  <groupId>org.springframework.cloud</groupId>
  <artifactId>spring-cloud-aws-dependencies</artifactId>
  <version>1.2.0.BUILD-SNAPSHOT</version>
  <versioning>
    <snapshot>
      <timestamp>20170302.100324</timestamp>
      <buildNumber>1509</buildNumber>
    </snapshot>
    <lastUpdated>20170302100325</lastUpdated>
    <snapshotVersions>
      <snapshotVersion>
        <extension>pom.asc</extension>
        <value>1.2.0.BUILD-20170302.100324-1509</value>
        <updated>20170302100324</updated>
      </snapshotVersion>
      <snapshotVersion>
        <extension>pom</extension>
        <value>1.2.0.BUILD-20170302.100324-1509</value>
        <updated>20170302100324</updated>
      </snapshotVersion>
    </snapshotVersions>
  </versioning>
</metadata>
