<?xml version="1.0" encoding="UTF-8"?>
<metadata>
  <groupId>org.springframework.cloud</groupId>
  <artifactId>spring-cloud-aws-dependencies</artifactId>
  <version>1.2.0.BUILD-SNAPSHOT</version>
  <versioning>
    <snapshot>
      <timestamp>20170312.010315</timestamp>
      <buildNumber>1594</buildNumber>
    </snapshot>
    <lastUpdated>20170312010315</lastUpdated>
    <snapshotVersions>
      <snapshotVersion>
        <extension>pom.asc</extension>
        <value>1.2.0.BUILD-20170312.010315-1594</value>
        <updated>20170312010315</updated>
      </snapshotVersion>
      <snapshotVersion>
        <extension>pom</extension>
        <value>1.2.0.BUILD-20170312.010315-1594</value>
        <updated>20170312010315</updated>
      </snapshotVersion>
    </snapshotVersions>
  </versioning>
</metadata>
