<?xml version="1.0" encoding="UTF-8"?>
<metadata>
  <groupId>org.springframework.cloud</groupId>
  <artifactId>spring-cloud-netflix</artifactId>
  <version>1.3.0.BUILD-SNAPSHOT</version>
  <versioning>
    <snapshot>
      <timestamp>20170312.020058</timestamp>
      <buildNumber>1174</buildNumber>
    </snapshot>
    <lastUpdated>20170312020058</lastUpdated>
    <snapshotVersions>
      <snapshotVersion>
        <extension>pom.asc</extension>
        <value>1.3.0.BUILD-20170312.020058-1174</value>
        <updated>20170312020058</updated>
      </snapshotVersion>
      <snapshotVersion>
        <extension>pom</extension>
        <value>1.3.0.BUILD-20170312.020058-1174</value>
        <updated>20170312020058</updated>
      </snapshotVersion>
    </snapshotVersions>
  </versioning>
</metadata>
