<?xml version="1.0" encoding="UTF-8"?>
<metadata>
  <groupId>org.springframework.cloud</groupId>
  <artifactId>spring-cloud-commons-dependencies</artifactId>
  <version>1.2.0.BUILD-SNAPSHOT</version>
  <versioning>
    <snapshot>
      <timestamp>20170319.055045</timestamp>
      <buildNumber>1181</buildNumber>
    </snapshot>
    <lastUpdated>20170319055046</lastUpdated>
    <snapshotVersions>
      <snapshotVersion>
        <extension>pom.asc</extension>
        <value>1.2.0.BUILD-20170319.055045-1181</value>
        <updated>20170319055045</updated>
      </snapshotVersion>
      <snapshotVersion>
        <extension>pom</extension>
        <value>1.2.0.BUILD-20170319.055045-1181</value>
        <updated>20170319055045</updated>
      </snapshotVersion>
    </snapshotVersions>
  </versioning>
</metadata>
