<?xml version="1.0" encoding="UTF-8"?>
<metadata>
  <groupId>org.springframework.cloud</groupId>
  <artifactId>spring-cloud-commons-dependencies</artifactId>
  <version>1.2.0.BUILD-SNAPSHOT</version>
  <versioning>
    <snapshot>
      <timestamp>20170312.025050</timestamp>
      <buildNumber>1123</buildNumber>
    </snapshot>
    <lastUpdated>20170312025050</lastUpdated>
    <snapshotVersions>
      <snapshotVersion>
        <extension>pom.asc</extension>
        <value>1.2.0.BUILD-20170312.025050-1123</value>
        <updated>20170312025050</updated>
      </snapshotVersion>
      <snapshotVersion>
        <extension>pom</extension>
        <value>1.2.0.BUILD-20170312.025050-1123</value>
        <updated>20170312025050</updated>
      </snapshotVersion>
    </snapshotVersions>
  </versioning>
</metadata>
