<?xml version="1.0" encoding="UTF-8"?>
<metadata>
  <groupId>org.springframework.cloud</groupId>
  <artifactId>spring-cloud-commons-parent</artifactId>
  <version>1.2.0.BUILD-SNAPSHOT</version>
  <versioning>
    <snapshot>
      <timestamp>20170319.055054</timestamp>
      <buildNumber>1182</buildNumber>
    </snapshot>
    <lastUpdated>20170319055057</lastUpdated>
    <snapshotVersions>
      <snapshotVersion>
        <extension>pom.asc</extension>
        <value>1.2.0.BUILD-20170319.055054-1182</value>
        <updated>20170319055054</updated>
      </snapshotVersion>
      <snapshotVersion>
        <classifier>javadoc</classifier>
        <extension>jar</extension>
        <value>1.2.0.BUILD-20170319.055054-1182</value>
        <updated>20170319055054</updated>
      </snapshotVersion>
      <snapshotVersion>
        <classifier>tests</classifier>
        <extension>jar</extension>
        <value>1.2.0.BUILD-20170319.055054-1182</value>
        <updated>20170319055054</updated>
      </snapshotVersion>
      <snapshotVersion>
        <classifier>javadoc</classifier>
        <extension>jar.asc</extension>
        <value>1.2.0.BUILD-20170319.055054-1182</value>
        <updated>20170319055054</updated>
      </snapshotVersion>
      <snapshotVersion>
        <extension>pom</extension>
        <value>1.2.0.BUILD-20170319.055054-1182</value>
        <updated>20170319055054</updated>
      </snapshotVersion>
      <snapshotVersion>
        <classifier>tests</classifier>
        <extension>jar.asc</extension>
        <value>1.2.0.BUILD-20170319.055054-1182</value>
        <updated>20170319055054</updated>
      </snapshotVersion>
    </snapshotVersions>
  </versioning>
</metadata>
